標題,作者,人氣,日期,連結
[標的] 00715L 街口布蘭特油正二 正義多,onetiger,3,11月26日,https://www.ptt.cc/bbs/Stock/M.1606391437.A.C9F.html
[新聞] 《國際產業》IATA：明年Q4航空業轉盈,brian791025,17,11月26日,https://www.ptt.cc/bbs/Stock/M.1606391439.A.193.html
[新聞] 龍巖總裁李世聰涉A基金會2100萬買精品,loken0408,12,11月26日,https://www.ptt.cc/bbs/Stock/M.1606391698.A.9BE.html
[新聞] 太離譜！凱羿-KY用印後才簽約 內控遭揪出,phcebus,49,11月26日,https://www.ptt.cc/bbs/Stock/M.1606392989.A.F98.html
[新聞]  韓廠延後關閉LCD影響有限 12月電視面板,CSLsong,3,11月26日,https://www.ptt.cc/bbs/Stock/M.1606396178.A.DBA.html
[公告] maya5566 違反板規 4-2-1 水桶一個月,yoche2000,1,11月26日,https://www.ptt.cc/bbs/Stock/M.1606396340.A.0BB.html
[公告] k581503 違反板規 4-2-3 4-0 水桶10年,yoche2000,4,11月26日,https://www.ptt.cc/bbs/Stock/M.1606397115.A.A37.html
Re: [請益] 航運業熱潮還會持續多久,minasann,38,11月26日,https://www.ptt.cc/bbs/Stock/M.1606397170.A.929.html
Re: [標的] NNDM多,papaya338,17,11月26日,https://www.ptt.cc/bbs/Stock/M.1606397171.A.FE4.html
[其他] 109年11月26日信用交易統計,steward135,51,11月26日,https://www.ptt.cc/bbs/Stock/M.1606397768.A.C59.html
[新聞] 勞動基金爆弊案！官員帳戶冒出900萬不明現金遭搜索,Motola,爆,11月26日,https://www.ptt.cc/bbs/Stock/M.1606398459.A.5DF.html
[新聞] 凱羿內控重大疏失 下周起列全額交割股,pipiboygay,17,11月26日,https://www.ptt.cc/bbs/Stock/M.1606400145.A.90F.html
Re: [標的] 3037欣興電子,SMOOTH5528,32,11月26日,https://www.ptt.cc/bbs/Stock/M.1606400745.A.CB1.html
[新聞] 聯詠明年賺逾兩股本 外資上調目標價達346,MRFROG,26,11月26日,https://www.ptt.cc/bbs/Stock/M.1606401429.A.331.html
[請益] 股東現金增資認股繳費三點半逾期繳費,selavi565,10,11月26日,https://www.ptt.cc/bbs/Stock/M.1606401533.A.6D4.html
Re: [請益] 航運業熱潮還會持續多久,nic0911,57,11月26日,https://www.ptt.cc/bbs/Stock/M.1606405399.A.029.html
[新聞] 交棒!?蔡宏圖為何贈與3子各萬張股票 國泰,ipipwrong,15,11月26日,https://www.ptt.cc/bbs/Stock/M.1606405487.A.47C.html
Re: [新聞] 迪士尼不敵疫情 宣布2021年裁員3.2萬人,wawi2,2,11月26日,https://www.ptt.cc/bbs/Stock/M.1606405814.A.EE8.html
[新聞] 媒體：鴻海應對貿易戰 Mac即將「越南產」,laptic,10,11月26日,https://www.ptt.cc/bbs/Stock/M.1606406144.A.7A2.html
[活動] 十二月徵文 那些遺留在2020的黑歷史,yoche2000,8,11月27日,https://www.ptt.cc/bbs/Stock/M.1606406549.A.64C.html
Re: [新聞] 堅持出門旅遊！美國機場湧現人潮 航空圖,wawi2,20,11月27日,https://www.ptt.cc/bbs/Stock/M.1606407406.A.D0A.html
[新聞] 勞動基金重大弊端 國內投資組長涉貪操縱,magic543,99,11月27日,https://www.ptt.cc/bbs/Stock/M.1606407955.A.564.html
[標的] 0056vs00878的選擇,s12e43w,53,11月27日,https://www.ptt.cc/bbs/Stock/M.1606411202.A.16D.html
[標的] 4976佳凌,YuanDa,4,11月27日,https://www.ptt.cc/bbs/Stock/M.1606414798.A.D68.html
Re: [標的] 0056vs00878的選擇,awss1971,3,11月27日,https://www.ptt.cc/bbs/Stock/M.1606430104.A.956.html
[公告] pannyli91 1-1-8 4-0 水桶一個月,BreezeCat,,11月27日,https://www.ptt.cc/bbs/Stock/M.1606432919.A.39E.html
[閒聊] 2020/11/27 盤中閒聊,laptic,爆,11月27日,https://www.ptt.cc/bbs/Stock/M.1606437066.A.207.html
[新聞] 游迺文上班炒股 勞動部：記過調職,jin168chen,54,11月27日,https://www.ptt.cc/bbs/Stock/M.1606438256.A.0FB.html
[新聞] 台幣明年可能挺進28元 分析師估央行子彈,d8917936,52,11月27日,https://www.ptt.cc/bbs/Stock/M.1606442119.A.556.html
Fw: [新聞] 認罪了！龍巖創辦人妻侵占善款血拚精品,zebirlin,15,11月27日,https://www.ptt.cc/bbs/Stock/M.1606443068.A.F07.html
Re: [新聞] 勞動基金重大弊端 國內投資組長涉貪操縱,lovecutes,98,11月27日,https://www.ptt.cc/bbs/Stock/M.1606443675.A.590.html
[標的] 這幾支股票為什麼能夠抗跌?,davidwales,,11月27日,https://www.ptt.cc/bbs/Stock/M.1606444424.A.EFA.html
[標的] 6261久元 多,cindywu50,5,11月27日,https://www.ptt.cc/bbs/Stock/M.1606445424.A.26A.html
[新聞] 〈富邦金法說〉為股價抱屈？總座喊股價淨,wade6510,23,11月27日,https://www.ptt.cc/bbs/Stock/M.1606446302.A.18A.html
[新聞] 中核華龍一號成功並網發電：中國打破國,peterlin495,31,11月27日,https://www.ptt.cc/bbs/Stock/M.1606446877.A.58F.html
[請益] 海外證券可以抵押?,organize222,7,11月27日,https://www.ptt.cc/bbs/Stock/M.1606447160.A.ED3.html
[標的] 2511太子  幫我抬,Tapqou,33,11月27日,https://www.ptt.cc/bbs/Stock/M.1606447232.A.056.html
Re: [標的] 0056vs00878的選擇,Haihu,9,11月27日,https://www.ptt.cc/bbs/Stock/M.1606447283.A.983.html
Re: [標的]  海光 2038 多,IzumiKonata,1,11月27日,https://www.ptt.cc/bbs/Stock/M.1606447875.A.1A0.html
[新聞] 數據霧煞煞？ 英國下令檢視阿斯特捷利康,CavendishJr,16,11月27日,https://www.ptt.cc/bbs/Stock/M.1606447960.A.186.html
[新聞] 8吋代工漲價 聯電、世界明年營運喊燒,hvariables,22,11月27日,https://www.ptt.cc/bbs/Stock/M.1606450843.A.BA5.html
[新聞] 神鬼理專涉Ａ客戶近3億元 高院列6大羈押禁見理由,laptic,37,11月27日,https://www.ptt.cc/bbs/Stock/M.1606451176.A.171.html
[標的] 6227 茂綸,WCisBest,9,11月27日,https://www.ptt.cc/bbs/Stock/M.1606451995.A.6E3.html
[新聞] 許銘春：勞動基金投資機制嚴謹 非一人,clubbox,35,11月27日,https://www.ptt.cc/bbs/Stock/M.1606452103.A.73D.html
[新聞] 世紀鋼小金雞世紀風電將登興櫃,qwa317,15,11月27日,https://www.ptt.cc/bbs/Stock/M.1606452649.A.023.html
[標的] 2520 冠德 多,mrnr,12,11月27日,https://www.ptt.cc/bbs/Stock/M.1606454555.A.8F4.html
[新聞] 小型衛星運載火箭有機會成功嗎？,zxcvxx,1,11月27日,https://www.ptt.cc/bbs/Stock/M.1606455312.A.831.html
[標的] 2367 燿華,qq1217la,2,11月27日,https://www.ptt.cc/bbs/Stock/M.1606455537.A.56F.html
[新聞] 中國拿葡萄酒開刀 澳洲揚言告上WTO,CavendishJr,89,11月27日,https://www.ptt.cc/bbs/Stock/M.1606456029.A.2B4.html
Re: [標的] 2609 陽明 多,sl5613,1,11月27日,https://www.ptt.cc/bbs/Stock/M.1606456167.A.D39.html
[閒聊] 2020/11/27 盤後閒聊,LECOQNIKO,26,11月27日,https://www.ptt.cc/bbs/Stock/M.1606456802.A.1BB.html
Re: [標的] 太子   起乩多,ikariamman,12,11月27日,https://www.ptt.cc/bbs/Stock/M.1606459117.A.206.html
[新聞] 耀登承銷價46元 中一張賺近4萬元,okbom,10,11月27日,https://www.ptt.cc/bbs/Stock/M.1606459589.A.1AD.html
Re: [新聞] 勞動基金重大弊端 國內投資組長涉貪操縱,sean12345678,X1,11月27日,https://www.ptt.cc/bbs/Stock/M.1606459951.A.F0A.html
Re: [新聞] 成本飆漲建商封盤 房價回不去,zakijudelo,29,11月27日,https://www.ptt.cc/bbs/Stock/M.1606460372.A.47B.html
[其他] 109年11月27日 三大法人買賣金額統計表,coconing,66,11月27日,https://www.ptt.cc/bbs/Stock/M.1606460960.A.B35.html
Re: [新聞] 勞動基金重大弊端 國內投資組長涉貪操縱,dahlia7357,36,11月27日,https://www.ptt.cc/bbs/Stock/M.1606461165.A.761.html
Re: [新聞] 勞動基金重大弊端 國內投資組長涉貪操縱,boob5566,3,11月27日,https://www.ptt.cc/bbs/Stock/M.1606461526.A.689.html
Re: [新聞] 勞動基金重大弊端 國內投資組長涉貪操縱,logate,25,11月27日,https://www.ptt.cc/bbs/Stock/M.1606463206.A.4D6.html
[標的] 順德 短多,NaMgAl,9,11月27日,https://www.ptt.cc/bbs/Stock/M.1606463346.A.07D.html
[新聞] 南韓疫情未見好轉 政府29日決定是否再提,Limoncy,10,11月27日,https://www.ptt.cc/bbs/Stock/M.1606464499.A.543.html
[新聞] 任正非送別榮耀 鼓勵拿著「洋槍」打倒華,d8917936,25,11月27日,https://www.ptt.cc/bbs/Stock/M.1606466043.A.B58.html
[新聞] 三星放話超車台積電 3 奈米，成功機會渺,okbom,64,11月27日,https://www.ptt.cc/bbs/Stock/M.1606467143.A.238.html
[新聞] 韓媒披露沙烏地阿拉伯王儲買下《拳皇》開,CTC0115,8,11月27日,https://www.ptt.cc/bbs/Stock/M.1606467594.A.4AC.html
[新聞] 疫情延燒 民航局：國籍航空前三季累虧逾8,brian791025,8,11月27日,https://www.ptt.cc/bbs/Stock/M.1606467921.A.F5F.html
[新聞] 今涉公款私用╱李世聰昔稱 即使一杯咖啡,shank1995,7,11月27日,https://www.ptt.cc/bbs/Stock/M.1606468132.A.591.html
[新聞] 破2％！主計總處上修今年GDP至2.54％,reason825,99,11月27日,https://www.ptt.cc/bbs/Stock/M.1606469413.A.146.html
Re: [請益] 看完愛榭克的景氣循環投資感覺市場才剛起漲,tensionship,19,11月27日,https://www.ptt.cc/bbs/Stock/M.1606471108.A.DB7.html
[標的] 6531愛普 IC設計多,thumbd000,1,11月27日,https://www.ptt.cc/bbs/Stock/M.1606471555.A.572.html
[新聞] 太陽能產業回升 元晶、茂迪本月完成聯貸,ntupeap,12,11月27日,https://www.ptt.cc/bbs/Stock/M.1606472494.A.7E5.html
[標的] 3711 阿光 多,pupu5877,6,11月27日,https://www.ptt.cc/bbs/Stock/M.1606472822.A.2D9.html
Re: [請益] 看完愛榭克的景氣循環投資感覺市場才剛起漲,CoffeeandTea,8,11月27日,https://www.ptt.cc/bbs/Stock/M.1606472822.A.725.html
[心得] 原來勞動基金投資組長還兼投顧啊？,NowQmmmmmmmm,爆,11月27日,https://www.ptt.cc/bbs/Stock/M.1606475008.A.4AD.html
[新聞] 開發金晚間將重訊 說明收購中國人壽,f204137,42,11月27日,https://www.ptt.cc/bbs/Stock/M.1606475758.A.A02.html
Re: [新聞] 開發金晚間將重訊 說明收購中國人壽,loken0408,31,11月27日,https://www.ptt.cc/bbs/Stock/M.1606477767.A.43D.html
[新聞] 快逃！ 專家恐怖預言：明年美股雪崩40％,NoAfraid,99,11月27日,https://www.ptt.cc/bbs/Stock/M.1606478366.A.7CE.html
[新聞] 高精度地圖圖形著作權 四維圖新與百度互,ynlin1996,3,11月27日,https://www.ptt.cc/bbs/Stock/M.1606478930.A.BB6.html
[新聞] 宏達電鎖定5G O-RAN專網 遠端自駕、連線,peterlin495,34,11月27日,https://www.ptt.cc/bbs/Stock/M.1606479689.A.6BB.html
[新聞] 勞動基金弊案 檢廉拘提寶佳資產管理公司,bamama56,54,11月27日,https://www.ptt.cc/bbs/Stock/M.1606479697.A.CCB.html
[標的] 美股PLTR 多,abc2090614,94,11月27日,https://www.ptt.cc/bbs/Stock/M.1606479777.A.A99.html
[新聞] 勞動基金炒股風波擴大 檢廉第二波搜索拘,y1896547,24,11月27日,https://www.ptt.cc/bbs/Stock/M.1606480078.A.1CB.html
[新聞] 明年人均GDP首度站上3萬美元 新台幣強勢,CavendishJr,91,11月27日,https://www.ptt.cc/bbs/Stock/M.1606480130.A.7A7.html
Re: [標的] 元大金2885，周線請益,koko147,32,11月27日,https://www.ptt.cc/bbs/Stock/M.1606482098.A.300.html
[其他] 109年11月27日信用交易統計,steward135,29,11月27日,https://www.ptt.cc/bbs/Stock/M.1606482450.A.345.html
[新聞] 涉掏空華美電子42億元案 中國深圳普華行,Su22,4,11月27日,https://www.ptt.cc/bbs/Stock/M.1606484338.A.551.html
[新聞] 原油兩倍槓桿ETF本月來飆漲66% 銅ETF同步,jimmmy722,5,11月27日,https://www.ptt.cc/bbs/Stock/M.1606484469.A.F80.html
Re: [新聞] 明年人均GDP首度站上3萬美元 新台幣強勢,andrew0041,15,11月27日,https://www.ptt.cc/bbs/Stock/M.1606486176.A.2EF.html
[標的] 大盤指數(多),ronybaseball,28,11月27日,https://www.ptt.cc/bbs/Stock/M.1606486924.A.28B.html
[新聞] 兆豐前董座蔡友才鑒機案募200億被押 求刑12年僅輕判9月,laptic,28,11月27日,https://www.ptt.cc/bbs/Stock/M.1606489939.A.51B.html
[新聞] 炒股疑雲! 神祕寶佳集團出手動輒數百億,s523698,50,11月28日,https://www.ptt.cc/bbs/Stock/M.1606493324.A.58C.html
Re: [標的] 美股 AMCX (AMC Networks) 不是AMC,justicide,11,11月28日,https://www.ptt.cc/bbs/Stock/M.1606493800.A.66A.html
Re: [心得] 原來勞動基金投資組長還兼投顧啊？,S9125126,12,11月28日,https://www.ptt.cc/bbs/Stock/M.1606495032.A.260.html
Re: [新聞] 勞動基金重大弊端 國內投資組長涉貪操縱,aass5566,8,11月28日,https://www.ptt.cc/bbs/Stock/M.1606495085.A.7F3.html
Re: [心得] 原來勞動基金投資組長還兼投顧啊？,chungrew,99,11月28日,https://www.ptt.cc/bbs/Stock/M.1606497163.A.8CD.html
Re: [標的] PLTR 跟著索羅斯空Palantir,tu11252007,30,11月28日,https://www.ptt.cc/bbs/Stock/M.1606503819.A.5EC.html
Re: [新聞] 明年人均GDP首度站上3萬美元 新台幣強勢,egnaro123,11,11月28日,https://www.ptt.cc/bbs/Stock/M.1606524809.A.A75.html
Re: [新聞] 明年人均GDP首度站上3萬美元 新台幣強勢,andrew0041,15,11月28日,https://www.ptt.cc/bbs/Stock/M.1606529786.A.5C5.html
[新聞] 韓媒：蘋果新機擬用潛望鏡式鏡頭，三星電,okbom,28,11月28日,https://www.ptt.cc/bbs/Stock/M.1606530543.A.99F.html
[新聞] 災難預言家葛拉漢持續看空美股 今年已遭,a5413eric,60,11月28日,https://www.ptt.cc/bbs/Stock/M.1606531283.A.964.html
Re: [新聞] 明年人均GDP首度站上3萬美元 新台幣強勢,bcyeh,30,11月28日,https://www.ptt.cc/bbs/Stock/M.1606532263.A.452.html
[新聞] 日本央行好神 押寶ETF賺進560億美元,obs11122,爆,11月28日,https://www.ptt.cc/bbs/Stock/M.1606536821.A.F15.html
[請益] 股市線圖技術教學tube,yychiu,8,11月28日,https://www.ptt.cc/bbs/Stock/M.1606537590.A.5E0.html
[新聞] 亞股獲利超級循環 啟動,hvariables,12,11月28日,https://www.ptt.cc/bbs/Stock/M.1606539157.A.EE5.html
[新聞] NOR看漲 外資喊買旺宏、目標價44元,Feyu1078,36,11月28日,https://www.ptt.cc/bbs/Stock/M.1606541698.A.57A.html
Re: [新聞] 三星放話超車台積電 3 奈米，成功機會渺,WESTONE,6,11月28日,https://www.ptt.cc/bbs/Stock/M.1606544418.A.97E.html
[請益] 如果大家都買ETF不買個股？,sadness0830,66,11月28日,https://www.ptt.cc/bbs/Stock/M.1606544453.A.EAF.html
Re: [標的] 2313華通 多,koko147,25,11月28日,https://www.ptt.cc/bbs/Stock/M.1606546560.A.F83.html
Re: [請益] 如果大家都買ETF不買個股？,nomilkman,16,11月28日,https://www.ptt.cc/bbs/Stock/M.1606550096.A.131.html
Re: [新聞] 勞動基金重大弊端 國內投資組長涉貪操縱,Yves071,70,11月28日,https://www.ptt.cc/bbs/Stock/M.1606551033.A.C50.html
Re: [新聞] 勞動基金重大弊端 國內投資組長涉貪操縱,j547,12,11月28日,https://www.ptt.cc/bbs/Stock/M.1606555167.A.F74.html
Re: [新聞] 勞動基金重大弊端 國內投資組長涉貪操縱,pickchu22001,24,11月28日,https://www.ptt.cc/bbs/Stock/M.1606556133.A.1D6.html
[標的] 2337 旺宏(多),Adickppt187,30,11月28日,https://www.ptt.cc/bbs/Stock/M.1606558751.A.8C4.html
[新聞] 獨家 | 台積電再爆「叛將」跳槽中國泉芯,pipiboygay,91,11月28日,https://www.ptt.cc/bbs/Stock/M.1606561392.A.754.html
Re: [請益] 如果大家都買ETF不買個股？,ea9715234,40,11月28日,https://www.ptt.cc/bbs/Stock/M.1606564169.A.586.html
Re: [新聞] 獨家 | 台積電再爆「叛將」跳槽中國泉芯,buteo,7,11月28日,https://www.ptt.cc/bbs/Stock/M.1606568815.A.8AF.html
[新聞] 中國工信部副部長：芯片行業出現盲目投資和爛尾項目,laptic,13,11月28日,https://www.ptt.cc/bbs/Stock/M.1606568866.A.B1E.html
Re: [請益] 如果大家都買ETF不買個股？,love942cg,17,11月28日,https://www.ptt.cc/bbs/Stock/M.1606569206.A.155.html
Re: [新聞] 開發金晚間將重訊 說明收購中國人壽,goodbye,2,11月28日,https://www.ptt.cc/bbs/Stock/M.1606570857.A.23A.html
[新聞] 納智捷轉型奏捷 喊明年賺錢,hvariables,,11月28日,https://www.ptt.cc/bbs/Stock/M.1606573318.A.4D8.html
[公告] cornea1231 違反板規 4-2-1 警告一次,yoche2000,,11月28日,https://www.ptt.cc/bbs/Stock/M.1606574501.A.7FD.html
Re: [請益] 如果大家都買ETF不買個股？,Xuxxin,40,11月28日,https://www.ptt.cc/bbs/Stock/M.1606575168.A.069.html
[請益] 近期該選高檔續強股還是低檔轉強股？,zakijudelo,21,11月28日,https://www.ptt.cc/bbs/Stock/M.1606575654.A.ED6.html
[標的] 2392 正崴 多,CCF2016,8,11月28日,https://www.ptt.cc/bbs/Stock/M.1606575890.A.39B.html
Re: [新聞] 勞動基金重大弊端 國內投資組長涉貪操縱,YAYA6655,,11月28日,https://www.ptt.cc/bbs/Stock/M.1606575895.A.46E.html
Re: [請益] 如果大家都買ETF不買個股？,ea9715234,10,11月28日,https://www.ptt.cc/bbs/Stock/M.1606577013.A.A6E.html
[公告] 十二月除權息法說會行事曆 (每日更新),yoche2000,,11月28日,https://www.ptt.cc/bbs/Stock/M.1606577224.A.916.html
[新聞] 郭台銘評論「夏普控康寧日本違約」　網友,Su22,14,11月28日,https://www.ptt.cc/bbs/Stock/M.1606577726.A.F00.html
[標的] 3037欣興 多,nuggets,22,11月29日,https://www.ptt.cc/bbs/Stock/M.1606579301.A.372.html
[新聞] 黑色星期五不見瘋狂人潮 美國購物季節變,icedog122,18,11月29日,https://www.ptt.cc/bbs/Stock/M.1606580788.A.F84.html
[新聞] 雪崩式下滑？華為手機明年市佔恐連 5%,Ninja650r,10,11月29日,https://www.ptt.cc/bbs/Stock/M.1606582079.A.ADF.html
[新聞] 陸公安懸賞科技廠可勝科技研發部台幹13萬元,rurugia,8,11月29日,https://www.ptt.cc/bbs/Stock/M.1606583867.A.947.html
Re: [心得] 原來勞動基金投資組長還兼投顧啊？,abasqoo,21,11月29日,https://www.ptt.cc/bbs/Stock/M.1606587336.A.727.html
Re: [請益] 如果大家都買ETF不買個股？,agoodlife,4,11月29日,https://www.ptt.cc/bbs/Stock/M.1606589525.A.902.html
[標的] 1785光洋科-MSCI多,ted6219,18,11月29日,https://www.ptt.cc/bbs/Stock/M.1606592582.A.A5A.html
Re: [請益] 如果大家都買ETF不買個股？,redsa12,38,11月29日,https://www.ptt.cc/bbs/Stock/M.1606596133.A.A01.html
[新聞] 裕隆納智捷 明年有望賺錢,cjol,32,11月29日,https://www.ptt.cc/bbs/Stock/M.1606606629.A.7CB.html
[新聞] 「飆股女王」授投資心法 2條線戰勝大盤,pipiboygay,爆,11月29日,https://www.ptt.cc/bbs/Stock/M.1606606856.A.8B2.html
[新聞] 力積電27日送件申請登錄興櫃股票,alanis06,39,11月29日,https://www.ptt.cc/bbs/Stock/M.1606606881.A.CCD.html
[新聞] 泉芯不足為懼　小心華為挖角,laptic,8,11月29日,https://www.ptt.cc/bbs/Stock/M.1606613130.A.E00.html
Re: [請益] 如果大家都買ETF不買個股？,Kouson,,11月29日,https://www.ptt.cc/bbs/Stock/M.1606613797.A.757.html
Re: [請益] 6000萬現在適合投入股市嗎,johneric,14,11月29日,https://www.ptt.cc/bbs/Stock/M.1606614570.A.3D3.html
[新聞] 英國搶第一！可望本周核准輝瑞疫苗使用,CavendishJr,33,11月29日,https://www.ptt.cc/bbs/Stock/M.1606619245.A.946.html
[標的] 台積電2330 聯電2303 世界先進5374,natyshow,35,11月29日,https://www.ptt.cc/bbs/Stock/M.1606623253.A.83E.html
[新聞] FT：HSBC考慮撤出美國消金市場,jasd1786,4,11月29日,https://www.ptt.cc/bbs/Stock/M.1606629695.A.3D3.html
Re: [新聞] 勞動基金重大弊端 國內投資組長涉貪操縱,egnaro123,13,11月29日,https://www.ptt.cc/bbs/Stock/M.1606630235.A.3B6.html
[新聞] 中油查德礦區第一船原油 12月1日展示成果,laptic,7,11月29日,https://www.ptt.cc/bbs/Stock/M.1606630923.A.CA7.html
[新聞] 中信金新一代、國泰金林祖媽ATM　小英參,gofigure,17,11月29日,https://www.ptt.cc/bbs/Stock/M.1606632394.A.1B4.html
Re: [新聞] 中油查德礦區第一船原油 12月1日展示成果,Sunofgod,5,11月29日,https://www.ptt.cc/bbs/Stock/M.1606637788.A.49E.html
[新聞] 韓籍員工境外檢測陽性 重慶海力士半導體,CavendishJr,25,11月29日,https://www.ptt.cc/bbs/Stock/M.1606639054.A.7B4.html
[新聞] 投信看台股 中小型股可望接棒補漲,okbom,8,11月29日,https://www.ptt.cc/bbs/Stock/M.1606640757.A.45B.html
[新聞] 寶佳涉勞退基金弊案 謝金河嘆「不如解散,okbom,13,11月29日,https://www.ptt.cc/bbs/Stock/M.1606641290.A.288.html
[其他] 勞退基金有限度開放自選提案,lovecutes,爆,11月29日,https://www.ptt.cc/bbs/Stock/M.1606642089.A.00C.html
[新聞] 億元教授鄭廳宜：台股會漲到你們無法相信,pigpigpig000,爆,11月29日,https://www.ptt.cc/bbs/Stock/M.1606645042.A.F6D.html
Re: [其他] 勞退基金有限度開放自選提案,egnaro123,7,11月29日,https://www.ptt.cc/bbs/Stock/M.1606645317.A.BE4.html
Re: [心得] 原來勞動基金投資組長還兼投顧啊？,husky105,10,11月29日,https://www.ptt.cc/bbs/Stock/M.1606649788.A.0DC.html
[請益] 照0050持股買投資組合，收益贏0050嗎？,somanyee,18,11月29日,https://www.ptt.cc/bbs/Stock/M.1606650189.A.89C.html
Re: [其他] 勞退基金有限度開放自選提案,Tox,3,11月29日,https://www.ptt.cc/bbs/Stock/M.1606651119.A.567.html
[新聞] 曾1年獲利2000億 陸千億國企突然暴斃,Su22,36,11月29日,https://www.ptt.cc/bbs/Stock/M.1606653319.A.853.html
[標的] 2316 楠梓電 多 母以子貴 籌碼,chu3xiao5566,21,11月29日,https://www.ptt.cc/bbs/Stock/M.1606654093.A.9F0.html
[新聞] 《金融股》明年合庫金配息能力優於華南金,wade6510,18,11月29日,https://www.ptt.cc/bbs/Stock/M.1606655510.A.0CB.html
[新聞] 台股拚萬四 台積大立光扮要角,hvariables,14,11月29日,https://www.ptt.cc/bbs/Stock/M.1606655991.A.C9C.html
[心得] 全球獨角獸 現況,Dukkha,26,11月29日,https://www.ptt.cc/bbs/Stock/M.1606656069.A.A80.html
[新聞] 勞動基金前9月收益率0.05% 績效輸大盤,bahamutuh,61,11月29日,https://www.ptt.cc/bbs/Stock/M.1606656717.A.810.html
[標的] 1305華夏,clubbox,19,11月29日,https://www.ptt.cc/bbs/Stock/M.1606659112.A.EDC.html
Re: [新聞] 億元教授鄭廳宜：台股會漲到你們無法相信,NoAfraid,31,11月29日,https://www.ptt.cc/bbs/Stock/M.1606659230.A.A30.html
[新聞] 低利蔓延，「渡邊太太」全球化？各國恐現,Su22,23,11月29日,https://www.ptt.cc/bbs/Stock/M.1606660918.A.404.html
[新聞] SEC向在美上市中國公司施壓 要求提示「,saveme,13,11月29日,https://www.ptt.cc/bbs/Stock/M.1606661875.A.436.html
[請益] 大型科技股早晚泡沫？,HAARP,45,11月30日,https://www.ptt.cc/bbs/Stock/M.1606669184.A.662.html
Re: [心得] 全球獨角獸 現況,ZMittermeyer,41,11月30日,https://www.ptt.cc/bbs/Stock/M.1606669637.A.AB7.html
Re: [請益] 大型科技股早晚泡沫？,andrew0041,19,11月30日,https://www.ptt.cc/bbs/Stock/M.1606669978.A.D40.html
[新聞] MSCI調整盤後生效 台股短線亂流警戒,NowQmmmmmmmm,28,11月30日,https://www.ptt.cc/bbs/Stock/M.1606689010.A.C2C.html
[新聞] 快訊／拜登受傷了！,Manhood27,81,11月30日,https://www.ptt.cc/bbs/Stock/M.1606689486.A.AF1.html
[新聞] 油銅ETF利多加持 價量齊揚,nab7772001,5,11月30日,https://www.ptt.cc/bbs/Stock/M.1606694015.A.62F.html
[新聞] 環球晶擬溢價48%收購矽晶圓德商Siltronic,charis,12,11月30日,https://www.ptt.cc/bbs/Stock/M.1606695313.A.75B.html
[閒聊] 2020/11/30 盤中閒聊,justforsing,爆,11月30日,https://www.ptt.cc/bbs/Stock/M.1606696203.A.8AB.html
[新聞] 凱羿-KY風險管理出包 11/30打入全額交割,awss1971,14,11月30日,https://www.ptt.cc/bbs/Stock/M.1606698471.A.48E.html
[新聞] 全球第一 英國最快12月7日接種輝瑞新冠,NoAfraid,3,11月30日,https://www.ptt.cc/bbs/Stock/M.1606698575.A.9D9.html
Re: [新聞] 3711日月光：明年Q1漲價5∼10％,cccccc0125,20,11月30日,https://www.ptt.cc/bbs/Stock/M.1606698952.A.C38.html
Re: [請益] 大型科技股早晚泡沫？,tompi,45,11月30日,https://www.ptt.cc/bbs/Stock/M.1606700360.A.03D.html
[標的] 如興 4414 (獲利出清),lucky117,10,11月30日,https://www.ptt.cc/bbs/Stock/M.1606701335.A.5F5.html
[標的]  晶技 3042 （中長期）,padbear,11,11月30日,https://www.ptt.cc/bbs/Stock/M.1606701984.A.25A.html
Re: [標的] 順德 短多,NaMgAl,3,11月30日,https://www.ptt.cc/bbs/Stock/M.1606702314.A.A5B.html
[新聞] 華航迎貨運熱潮周線連3紅 暌違近一年半-,brian791025,16,11月30日,https://www.ptt.cc/bbs/Stock/M.1606703781.A.9AA.html
Re: [標的] 敦泰3545,mopackm123,,11月30日,https://www.ptt.cc/bbs/Stock/M.1606705031.A.BBF.html
[標的] 恆大1325 & 其他防疫股,IzumiKonata,13,11月30日,https://www.ptt.cc/bbs/Stock/M.1606705764.A.6A1.html
Re: [請益] 大型科技股早晚泡沫？,jerrylin,8,11月30日,https://www.ptt.cc/bbs/Stock/M.1606706223.A.C5A.html
[其他] 未來的通訊趨勢 5G 以及 Wi-Fi 6,yoche2000,75,11月30日,https://www.ptt.cc/bbs/Stock/M.1606706445.A.1F7.html
Re: [標的] 2340 光磊,simons,2,11月30日,https://www.ptt.cc/bbs/Stock/M.1606706666.A.5F8.html
[新聞] 台股穩穩發!摩根士丹利升台積電目標價558,if2,62,11月30日,https://www.ptt.cc/bbs/Stock/M.1606707040.A.B11.html
[新聞] 獨角獸公司激增創新紀錄，到2020年達500,zxcvxx,,11月30日,https://www.ptt.cc/bbs/Stock/M.1606708263.A.639.html
[新聞] 面板雙虎「大小通吃」 旺到明年,hvariables,47,11月30日,https://www.ptt.cc/bbs/Stock/M.1606708668.A.0A8.html
[新聞] 四大外資大預言 台股明年上看16600,homura456,61,11月30日,https://www.ptt.cc/bbs/Stock/M.1606710681.A.90B.html
[標的] 4736泰博 多(台灣單日確診人數暴增,bacteria373,16,11月30日,https://www.ptt.cc/bbs/Stock/M.1606713086.A.8B4.html
[新聞] 中國12/1實施出口管制法 稀土價格恐再漲,CavendishJr,1,11月30日,https://www.ptt.cc/bbs/Stock/M.1606713112.A.CD2.html
[新聞] 川普強化硬對中國政策 傳中芯中海油列黑名單,laptic,14,11月30日,https://www.ptt.cc/bbs/Stock/M.1606714294.A.D4C.html
[閒聊] 2020/11/30 盤後閒聊,vendan5566,94,11月30日,https://www.ptt.cc/bbs/Stock/M.1606716002.A.705.html
[新聞] MSCI指數權重調整今盤後收生效 留意尾盤,ailpant,53,11月30日,https://www.ptt.cc/bbs/Stock/M.1606717950.A.EBF.html
[新聞] 美系外資考量三因素 調降聯發科評等、目,okbom,3,11月30日,https://www.ptt.cc/bbs/Stock/M.1606718247.A.D20.html
[其他] 109年11月30日 三大法人買賣金額統計表,coconing,爆,11月30日,https://www.ptt.cc/bbs/Stock/M.1606720743.A.181.html
[其他] 11月 股板樂透正反指標報告,yoche2000,18,11月30日,https://www.ptt.cc/bbs/Stock/M.1606722001.A.50E.html
[公告] Stock 板 開始舉辦樂透!,yoche2000,5,11月30日,https://www.ptt.cc/bbs/Stock/M.1606722731.A.3A1.html
[新聞] 外資上週賣超45.41億元 賣超聯電最多,dash0804,35,11月30日,https://www.ptt.cc/bbs/Stock/M.1606724858.A.CD8.html
[公告] nets1976 違反板規 4-2-1 水桶十年+退文,yoche2000,6,11月30日,https://www.ptt.cc/bbs/Stock/M.1606725867.A.77D.html
[請益] 整張與零股價脫鉤價差問題,ellis520w,26,11月30日,https://www.ptt.cc/bbs/Stock/M.1606726398.A.01B.html
[新聞] WHO下季擬設新冠疫苗新標準 台臨床試驗,CavendishJr,4,11月30日,https://www.ptt.cc/bbs/Stock/M.1606726756.A.F9E.html
[新聞] 南韓文在寅政府預計於AI晶片投資10億美元,zxcvxx,8,11月30日,https://www.ptt.cc/bbs/Stock/M.1606727646.A.570.html
[新聞] 「台幣28元成常態」 機械業：逼人出走,suntw,96,11月30日,https://www.ptt.cc/bbs/Stock/M.1606727980.A.A66.html
[新聞] 東京證交所系統異常事故 金融廳令改善社,CavendishJr,29,11月30日,https://www.ptt.cc/bbs/Stock/M.1606728276.A.B0A.html
[新聞] 中國批准Tesla銷售滬製Model Y,submarineche,25,11月30日,https://www.ptt.cc/bbs/Stock/M.1606729728.A.7C4.html
[新聞] 華新科大馬廠完成員工篩檢12/1復工,tabo810411,10,11月30日,https://www.ptt.cc/bbs/Stock/M.1606731153.A.7B5.html
[新聞] 全年經濟成長高 蔡英文：四小龍唯一成長,jimpon,,11月30日,https://www.ptt.cc/bbs/Stock/M.1606731680.A.420.html
[公告] WADE0616 lelena Yginger1 水桶處分,BreezeCat,,11月30日,https://www.ptt.cc/bbs/Stock/M.1606731928.A.E75.html
[公告] rodney92 4-5-1 水桶一個月,BreezeCat,,11月30日,https://www.ptt.cc/bbs/Stock/M.1606732237.A.670.html
[公告] 多名板友 分類不當 4-1 砍文處分,BreezeCat,1,11月30日,https://www.ptt.cc/bbs/Stock/M.1606732581.A.773.html
Re: [心得] 港股慘賠心得,killua92,14,11月30日,https://www.ptt.cc/bbs/Stock/M.1606734986.A.703.html
[新聞] 中國正建立自主的EDA產業，企圖拉進與美,ynlin1996,14,11月30日,https://www.ptt.cc/bbs/Stock/M.1606736427.A.1CD.html
Re: [標的] 2028威致、2023燁輝、1584精剛,weekend88123,16,11月30日,https://www.ptt.cc/bbs/Stock/M.1606736788.A.C96.html
[新聞] 黃崇仁：疫情後晶片需求「相當恐怖」,golover,32,11月30日,https://www.ptt.cc/bbs/Stock/M.1606737139.A.E5F.html
[標的] 2474可成,koko147,18,11月30日,https://www.ptt.cc/bbs/Stock/M.1606737792.A.E78.html
[標的] 2330台積電 空空空空,ilike5566,4,11月30日,https://www.ptt.cc/bbs/Stock/M.1606737864.A.8E3.html
[新聞] MSCI調整生效殺尾盤 台股跌144點爆3835,yipi1357,18,11月30日,https://www.ptt.cc/bbs/Stock/M.1606739990.A.35B.html
[新聞] 謝宗霖｜留意法人作帳行情開跑,abram,5,11月30日,https://www.ptt.cc/bbs/Stock/M.1606740066.A.37F.html
[新聞] 蘋果計畫推出可折疊iPhone 已交由鴻海進,okbom,18,11月30日,https://www.ptt.cc/bbs/Stock/M.1606740283.A.8E6.html
[其他] 2020 聖誕節板聚 北中行程調查,yoche2000,63,11月30日,https://www.ptt.cc/bbs/Stock/M.1606740372.A.1B9.html
[標的] 2912統一超-爆量暴跌今天發生啥事?,darkstar07,,11月30日,https://www.ptt.cc/bbs/Stock/M.1606740489.A.10B.html
[其他] 109年11月30日信用交易統計,steward135,46,11月30日,https://www.ptt.cc/bbs/Stock/M.1606741309.A.C05.html
[新聞] 印尼移工卡關2週 經部：影響金屬加工與,Limoncy,7,11月30日,https://www.ptt.cc/bbs/Stock/M.1606742928.A.5BA.html
[新聞] 林毅夫：大陸經濟像一艘航空母艦,cjol,X2,11月30日,https://www.ptt.cc/bbs/Stock/M.1606744271.A.DA7.html
[其他] 進場價格文章,yu0417,5,11月30日,https://www.ptt.cc/bbs/Stock/M.1606744676.A.328.html
[心得] 交易心態的轉變,kami0857,17,11月30日,https://www.ptt.cc/bbs/Stock/M.1606748484.A.CB9.html
[新聞] MSCI生效台股爆量殺 外資無懼續喊衝萬六,wade6510,44,11月30日,https://www.ptt.cc/bbs/Stock/M.1606748554.A.224.html
[新聞] 傳聯詠首切入2021 iPad供應鏈,MRFROG,24,11月30日,https://www.ptt.cc/bbs/Stock/M.1606749464.A.C09.html
[公告] a6000200 違反板規 4-2-1 水桶十年,yoche2000,,12月1日,https://www.ptt.cc/bbs/Stock/M.1606755260.A.29A.html
Re: [新聞] MSCI考慮調升台灣至已開發市場 南韓仍 …,AllBlack,13,12月1日,https://www.ptt.cc/bbs/Stock/M.1606755380.A.C9C.html
[請益] 利用詐騙集團仙股能賺得到錢嗎?,killua92,40,12月1日,https://www.ptt.cc/bbs/Stock/M.1606756676.A.CD9.html
Re: [標的] 美股 $APPS 多 + Square $SQ,abc2090614,44,12月1日,https://www.ptt.cc/bbs/Stock/M.1606768559.A.2EC.html
[新聞] 銅價走升 相關ETF強勢,Arizona989,8,12月1日,https://www.ptt.cc/bbs/Stock/M.1606779306.A.626.html
[新聞] 力積電登興櫃　黃崇仁嗨喊力晶回來了,laptic,46,12月1日,https://www.ptt.cc/bbs/Stock/M.1606779664.A.291.html
[新聞] 淘帝-KY四董事辭任 候選名單出爐新增2台,xuane,19,12月1日,https://www.ptt.cc/bbs/Stock/M.1606780087.A.176.html
[新聞] 元太與亞世光電合作 擴大電子紙標籤市場,pipiboygay,15,12月1日,https://www.ptt.cc/bbs/Stock/M.1606780338.A.121.html
[閒聊] 2020/12/01 盤中閒聊,vendan5566,99,12月1日,https://www.ptt.cc/bbs/Stock/M.1606782606.A.13A.html
[請益] ark買進tsm?,Sunofgod,28,12月1日,https://www.ptt.cc/bbs/Stock/M.1606783426.A.BCA.html
Re: [請益] 利用詐騙集團仙股能賺得到錢嗎?,nemies,20,12月1日,https://www.ptt.cc/bbs/Stock/M.1606784494.A.3D0.html
[新聞] 勞保科長涉貪／臥底小蔡：我揭發四大基金,tensionship,74,12月1日,https://www.ptt.cc/bbs/Stock/M.1606786660.A.789.html
[新聞] 美制裁中國電子進出口公司 指控助委內瑞,STAV72,1,12月1日,https://www.ptt.cc/bbs/Stock/M.1606787428.A.B6A.html
[新聞] 安啦！勞動基金績效三溫暖！估11月將大,CavendishJr,72,12月1日,https://www.ptt.cc/bbs/Stock/M.1606790601.A.97B.html
Re: [標的] 金麗科 3228,drgon,28,12月1日,https://www.ptt.cc/bbs/Stock/M.1606791107.A.539.html
[新聞] 美眾院計劃本週就涉中國公司在美上市法案進行表決,laptic,4,12月1日,https://www.ptt.cc/bbs/Stock/M.1606792125.A.C68.html
[請益] 連賣再連買  是洗盤??,aff002377,20,12月1日,https://www.ptt.cc/bbs/Stock/M.1606792521.A.1B3.html
[新聞] 看好智慧家庭，蘋果HomePod Mini成為追趕,zxcvxx,3,12月1日,https://www.ptt.cc/bbs/Stock/M.1606793659.A.AC5.html
[標的] 每到年線必拉回強空hTC（強空）,strekm,27,12月1日,https://www.ptt.cc/bbs/Stock/M.1606793866.A.8B8.html
[新聞] 南亞科續攻 記憶體族群跟漲,kilo7,26,12月1日,https://www.ptt.cc/bbs/Stock/M.1606794498.A.BF7.html
Re: [新聞] 安啦！勞動基金績效三溫暖！估11月將大,dahlia7357,5,12月1日,https://www.ptt.cc/bbs/Stock/M.1606794800.A.9B0.html
Re: [新聞] 安啦！勞動基金績效三溫暖！估11月將大,ioupoiu,5,12月1日,https://www.ptt.cc/bbs/Stock/M.1606795670.A.49D.html
[新聞] 美2大事爆災難？ 羅傑斯警告：未來10年,homura456,35,12月1日,https://www.ptt.cc/bbs/Stock/M.1606795752.A.C6B.html
[新聞] 【公告】凱羿-KY董事長辭任,lovecutes,41,12月1日,https://www.ptt.cc/bbs/Stock/M.1606796436.A.4D8.html
